file,slug,title,word_count,headings_count,headings_sample,typo_flags
content/blog/2026-04-19-meta-agenti-ai-automatizare-infrastructura.md,2026-04-19-meta-agenti-ai-automatizare-infrastructura,Meta a eliminat 10 ore de muncă inginerească. A rămas doar 30 de minute,897,5,Ce face concret sistemul de la Meta | De ce contează asta dincolo de Meta | Cifra care ar trebui să schimbe conversația din boardroom | Automatizarea nu mai e un avantaj competitiv — e o condiție de supraviețuire | Ce ar trebui să faci luni dimineața,"scri, strategi"
content/blog/afaceri-mici-si-site-web.md,afaceri-mici-si-site-web,De ce afacerile mici au nevoie de un site web clar și simplu pentru a crește,362,0,,
content/blog/ai-seo-marketing-2026-1777803585.md,ai-seo-marketing-2026-1777803585,Revoluționarea Marketingului cu AI SEO în 2026,474,0,,strategi
content/blog/ai-seo-pentru-afaceri-locale-2026.md,ai-seo-pentru-afaceri-locale-2026,Revolutionează-ți Afacerea Locală cu AI SEO în 2026,284,5,Introducere în AI SEO | Cum funcționează AI SEO | Beneficiile AI SEO pentru Afaceri Locale | Implementarea AI SEO în Afacerile Locale | Concluzii,strategi
content/blog/ai-si-timpul-pierdut-cu-taskuri-repetitive.md,ai-si-timpul-pierdut-cu-taskuri-repetitive,Cum poate AI-ul să vă salveze timpul: Reducerea taskurilor repetitive,325,0,,
content/blog/automatizare-ai-afaceri-locale.md,automatizare-ai-afaceri-locale,Revolutionează Afacerile Locale: Cum Îți Poate Ajuta Automatizarea AI Să Atragi Mai Multe Cereri,219,0,,
content/blog/automatizare-startfirma.md,automatizare-startfirma,Cum am automatizat StartFIRMĂ: 5500 de firme înregistrate fără intervenție umană,260,5,Problema inițială | Arhitectura soluției | Greșelile care ne-au costat timp | Cifrele după 12 luni | Lecția principală,
content/blog/cum-sa-atragi-clienti-din-gogle-pentru-o-afacere-locala.md,cum-sa-atragi-clienti-din-gogle-pentru-o-afacere-locala,Cum să atragi clienți din Google pentru o afacere locală,541,7,Problema | De ce apare problema | Soluția corectă | Exemplu concret | Cum să începi,"gogle, scri, strategi, locaala, clients"
content/blog/cum-sa-crezi-o-experienta-de-cumparare-omnichanel-pentru-clienti-tai.md,cum-sa-crezi-o-experienta-de-cumparare-omnichanel-pentru-clienti-tai,Cum să creezi o experiență de cumpărare omnichannel pentru clienții tăi,509,8,Problema | De ce apare problema | Soluția corectă | Exemplu concret | Beneficiile experienței de cumpărare omnichannel,"gogle, crezi, omnichanel, scri, strategi, clients"
content/blog/cum-sa-crezi-un-program-de-fidelitate-pentru-clienti-tai-online-si-ofline.md,cum-sa-crezi-un-program-de-fidelitate-pentru-clienti-tai-online-si-ofline,Cum să creezi un program de fidelitate pentru clienții tăi online și offline,456,8,Problema: Păstrarea clienților într-un mediu competitiv  | De ce apare problema: Lipsa strategiei de retenție  | Soluția corectă: Implementarea unui program de fidelitate  | Cum să implementezi un program de fidelitate  | Exemplu concret: Program de fidelitate pentru o cafenea locală ,"crezi, ofline, strategi"
content/blog/cum-sa-folosesti-influenceri-locali-pentru-a-promova-afacerile-tale.md,cum-sa-folosesti-influenceri-locali-pentru-a-promova-afacerile-tale,Cum să folosești influencerii locali pentru a promova afacerile tale,393,7,"Problema: Promovarea eficientă a afacerilor locale este o provocare pentru mulți antreprenori. Într-un mediu competitiv, este dificil să atragi atenția clienților și să îi convingi să îți aleagă serviciile. Problema este accentuată de faptul că multe afaceri mici nu au bugete mari pentru publicitate și promovare. | De ce apare problema: Lipsa de resurse financiare și de experiență în marketing sunt principalele motive pentru care afacerile mici nu reușesc să se promoveze eficient. De asemenea, concurența acerbă din mediul local face ca promovarea să fie și mai dificilă. | Soluția corectă: O soluție eficientă pentru promovarea afacerilor locale este colaborarea cu influencerii locali. Aceștia au o bază de urmăritori care sunt interesați de serviciile și produsele locale, ceea ce poate ajuta la creșterea vizibilității și a vânzărilor. | Pași pentru a găsi influenceri locali: Pentru a găsi influenceri locali potriviți pentru afacerea ta, trebuie să cauți pe rețelele sociale și să analizezi conținutul lor. Îți poți seta criterii precum numărul de urmăritori, engagement-ul și conținutul publicat. | Exemplu concret: De exemplu, dacă ai o afacere de alimentație locală, poți colabora cu un influencer care are o pagină de Instagram dedicată bucătăriei locale. Acesta poate promova produsele tale și poate ajuta la creșterea numărului de clienți.","crezi, omnichanel, scri, strategi"
content/blog/cum-sa-folosesti-retelele-sociale-pentru-a-promova-afacerile-locale-si-a-atrage-clienti-noi.md,cum-sa-folosesti-retelele-sociale-pentru-a-promova-afacerile-locale-si-a-atrage-clienti-noi,Cum să folosești rețelele sociale pentru a promova afacerile locale și a atrage clienți noi,438,7,Problema | De ce apare problema | Soluția corectă | Exemplu concret | Implementarea strategiei,"gogle, scri, strategi, locaala, clients"
content/blog/cum-sa-imbunatatesti-strategia-ta-de-marketing-cu-ajutorul-datelor.md,cum-sa-imbunatatesti-strategia-ta-de-marketing-cu-ajutorul-datelor,Cum să îmbunătățești strategia ta de marketing cu ajutorul datelor,525,8,Problema | De ce apare problema | Soluția corectă | Exemplu concret | Cum să implementezi soluția,"gogle, scri, strategi, locaala, clients"
content/blog/cum-sa-utilizezi-platformele-de-publicitate-online-pentru-a-ti-creste-vanzarile-in-randul-clientilor-locali.md,cum-sa-utilizezi-platformele-de-publicitate-online-pentru-a-ti-creste-vanzarile-in-randul-clientilor-locali,Cum să utilizezi platformele de publicitate online pentru a-ți crește vânzările în rândul clienților locali,543,9,Problema | De ce apare problema | Soluția corectă | Exemplu concret | Cum să alegi platforma potrivită,"crezi, ofline, strategi"
content/blog/de-ce-afacerile-mici-au-nevoie-de-un-site.md,de-ce-afacerile-mici-au-nevoie-de-un-site,Site-ul tau - Cheia Succesului pentru Afacerile Mici,168,0,,
content/blog/de-ce-un-site-simplu-aduce-mai-multi-clienti.md,de-ce-un-site-simplu-aduce-mai-multi-clienti,De ce un site simplu aduce mai mulți clienți pentru o afacere mică,423,1,"Problema. Mulți antreprenori care dețin afaceri mici se confruntă cu problema lipsei de vizibilitate și a dificultății de a atrage noi clienți. Această problemă poate fi cauzată de lipsa unei prezențe online puternice, care este esențială pentru a ajunge la potențialii clienți și a-i convinge să achiziționeze produsele sau serviciile oferite. ## De ce apare problema. Una dintre principalele cauze ale acestei probleme este faptul că mulți antreprenori consideră că un site web este un lux pe care nu și-l pot permite sau că este prea complicat de creat și de întreținut. Însă, în realitate, un site simplu și bine proiectat poate fi o investiție extrem de valoroasă pentru orice afacere mică. ## Soluția corectă. Pentru a rezolva această problemă, antreprenorii ar trebui să ia în considerare crearea unui site simplu și ușor de navigat, care să prezinte clar produsele sau serviciile oferite, precum și informații despre afacere și modul în care clienții pot lua legătura. Un site bine proiectat poate ajuta la creșterea vizibilității și la atragerea de noi clienți, permițând afacerii să se diferențieze de concurență. ## Exemplu concret. De exemplu, o mică afacere de servicii de curățenie din București ar putea crea un site simplu care prezintă serviciile oferite, prețurile și recomandările clienților. Site-ul ar putea fi optimizat pentru motoarele de căutare, astfel încât clienții care caută servicii de curățenie în București să poată găsi ușor afacerea. ## Beneficii ale unui site simplu. Un site simplu poate aduce multiple beneficii pentru o afacere mică, inclusiv creșterea vizibilității, atragerea de noi clienți și creșterea vânzărilor. De asemenea, un site simplu poate fi mai ușor de întreținut și de actualizat decât un site complex, ceea ce poate fi un avantaj pentru antreprenorii care nu au experiență în domeniul tehnologiei. ## Concluzie + CTA. În concluzie, un site simplu poate fi o investiție extrem de valoroasă pentru orice afacere mică. Dacă sunteți un antreprenor care doriți să creșteți vizibilitatea și să atrageți noi clienți, vă recomandăm să luați în considerare crearea unui site simplu și bine proiectat. Pentru mai multe informații și pentru a afla cum puteți crea un site simplu care să vă ajute să creșteți afacerea, vă invităm să vizitați azisunt.net și să descoperiți cum putem ajuta afacerea dumneavoastră să prospere.",
content/blog/efectul-recenzilor-online-asupra-afacerilor-locale-cum-sa-incurajezi-clienti-sa-lase-recenzi-pozitive.md,efectul-recenzilor-online-asupra-afacerilor-locale-cum-sa-incurajezi-clienti-sa-lase-recenzi-pozitive,Efectul recenziilor online asupra afacerilor locale: Cum să încurajezi clienții să lase recenzii pozitive,466,7,Problema | De ce apare problema | Soluția corectă | Cum să încurajezi clienții | Exemplu concret,"gogle, crezi, omnichanel, scri, strategi"
content/blog/geo-chatgpt-perplexity.md,geo-chatgpt-perplexity,GEO: Cum apare CapeSystem ca răspuns în ChatGPT și Perplexity,261,6,Ce este GEO și de ce contează acum | Cele 3 piloni ai GEO | 1. JSON-LD și date structurate | 2. Autoritate topică | 3. Citări externe,scri
content/blog/greseli-site-afaceri-mici.md,greseli-site-afaceri-mici,Greșeli frecvente pe site-urile afacerilor mici și cum le poți evita,316,0,,"scri, strategi"
content/blog/importanta-certificatelor-de-siguranta-pentru-site-urile-web-ale-afacerilor-locale.md,importanta-certificatelor-de-siguranta-pentru-site-urile-web-ale-afacerilor-locale,Importanța certificatelor de siguranță pentru site-urile web ale afacerilor locale,410,9,"Problema: Siguranța online a afacerilor locale. Multe afaceri locale nu își dau seama că site-urile lor web pot fi vulnerabile la atacuri cibernetice și furt de date. Acest lucru poate duce la pierderea încrederii clienților și a reputației afacerii. | De ce apare problema: Lipsa de conștientizare a importanței securității online. Multe afaceri locale nu au resursele necesare pentru a investi în măsuri de securitate adecvate, cum ar fi certificatele de siguranță. | Soluția corectă: Implementarea certificatelor de siguranță. Certificatele de siguranță, cum ar fi SSL și HTTPS, pot proteja datele clienților și preveni atacurile cibernetice. | Exemplu concret: O afacere locală de servicii de catering poate avea un site web care colectează date personale și informații de plată de la clienți. Dacă site-ul nu are un certificat de siguranță, datele clienților pot fi vulnerabile la furt. Prin implementarea unui certificat de siguranță, afacerea poate proteja datele clienților și menține încrederea lor. | Beneficiile certificatelor de siguranță: Îmbunătățirea încrederii clienților, protejarea datelor personale și informațiilor de plată, prevenirea atacurilor cibernetice.","crezi, omnichanel, strategi"
content/blog/metode-de-promovare-a-afacerilor-locale-prin-intermediul-evenimentelor-comunitare.md,metode-de-promovare-a-afacerilor-locale-prin-intermediul-evenimentelor-comunitare,Metode de promovare a afacerilor locale prin intermediul evenimentelor comunitare,579,9,Problema | De ce apare problema | Soluția corectă | Exemplu concret | Importanța implicării comunitare,"crezi, ofline, strategi"
content/blog/optimizarea-continutului-pentru-afaceri-locale-cum-sa-scri-titluri-si-descrieri-meta-eficiente.md,optimizarea-continutului-pentru-afaceri-locale-cum-sa-scri-titluri-si-descrieri-meta-eficiente,Optimizarea conținutului pentru afaceri locale: Cum să scrii titluri și descrieri meta eficiente,572,8,Problema | De ce apare problema | Soluția corectă | Cum să scrii titluri eficiente | Cum să scrii descrieri meta eficiente,"gogle, scri, strategi, locaala, clients"
content/blog/p1.md,p1,Sistem de Automatizare AI,360,4,De ce automatizarea AI nu mai e opțională în 2026 | Arhitectura sistemului | Rezultate după 90 de zile | Ce poți prelua din această arhitectură,
content/blog/p2.md,p2,Optimizare Web Systems,397,4,Performanța web nu e un detaliu tehnic — e o decizie de business | Ce am găsit în audit | Intervenții aplicate | Rezultate finale,scri
content/blog/pagina-principala-afaceri-mici.md,pagina-principala-afaceri-mici,Importanța unei pagini principale clare pentru afacerile mici,366,6,Problema | De ce apare problema | Soluția corectă | Exemplu concret | Importanța SEO,"scri, strategi"
content/blog/seo-ai-hijacking.md,seo-ai-hijacking,SEO Hijacking în 2026: Cum dominăm motoarele de căutare folosind AI,282,2,Tehnica: Generative Engine Optimization (GEO) | Studiul de caz: Rezultate în 24h,"scri, strategi"
content/blog/sistemul-de-autoritate.md,sistemul-de-autoritate,Arhitectura de Autoritate: Cum am construit un sistem care se auto-susține,213,2,Ce am construit de fapt? | De ce contează asta pentru tine?,scri
content/blog/site-simplu-vinde-mai-bine.md,site-simplu-vinde-mai-bine,De ce un site simplu poate vinde mai bine decât unul complicat,183,0,,
content/blog/strategi-de-marketing-pentru-afaceri-locale-in-orase-mici.md,strategi-de-marketing-pentru-afaceri-locale-in-orase-mici,Strategii de marketing pentru afaceri locale în orașe mici,506,9,Problema | De ce apare problema | Soluția corectă | Exemplu concret | Avantajele unei strategii de marketing locale,"crezi, omnichanel, strategi"
content/blog/structura-site-afacere-locaala.md,structura-site-afacere-locaala,Cum alegi structura corectă pentru site-ul unei afaceri locale,594,8,Problema | De ce apare problema | Soluția corectă | Exemplu concret | Ce trebuie să faci,locaala
content/blog/structura-site-afacere-mica.md,structura-site-afacere-mica,Cum alegi structura corectă pentru site-ul unei afaceri mici,288,0,,strategi
content/blog/tendinte-in-designul-site-urilor-web-pentru-afaceri-locale-in-2026.md,tendinte-in-designul-site-urilor-web-pentru-afaceri-locale-in-2026,Tendințe în designul site-urilor web pentru afaceri locale în 2026,509,8,"Problema: Prezența online slabă a afacerilor locale. Multe afaceri mici și locale au dificultăți în a-și crea o prezență online puternică, ceea ce le împiedică să atragă clienți noi și să-și crească vânzările. | De ce apare problema: Lipsa de experiență în domeniul designului web și a marketingului digital. Mulți antreprenori ai afacerilor mici nu au experiență în domeniul designului web și al marketingului digital, ceea ce face dificilă crearea unui site web atractiv și funcțional care să atragă clienți. | Soluția corectă: Utilizarea tendințelor actuale în designul site-urilor web. Pentru a rezolva această problemă, afacerile mici și locale ar trebui să utilizeze tendințele actuale în designul site-urilor web, cum ar fi designul responsiv, navigarea ușoară și conținutul relevant. De asemenea, ar trebui să utilizeze instrumente de marketing digital, cum ar fi SEO și social media, pentru a-și promova afacerea și a atrage clienți noi. | Exemplu concret: Un exemplu de afacere locală care a reușit să-și crească prezența online prin utilizarea tendințelor actuale în designul site-urilor web este o librărie din București. Librăria a creat un site web atractiv și funcțional, cu design responsiv și navigare ușoară, și a utilizat instrumente de marketing digital, cum ar fi SEO și social media, pentru a-și promova afacerea și a atrage clienți noi. | Cum să începi: Pentru a începe să-ți crești prezența online, poți să începi prin a crea un site web atractiv și funcțional, utilizând tendințele actuale în designul site-urilor web. De asemenea, poți să utilizezi instrumente de marketing digital, cum ar fi SEO și social media, pentru a-ți promova afacerea și a atrage clienți noi.","crezi, omnichanel, strategi"
content/blog/test-autopilot-fara-raport-modificat.md,test-autopilot-fara-raport-modificat,Test Autopilot fără Report Modificat: Cum să Evitați Problemele,239,0,,
content/blog/test-final-autopilot-fix.md,test-final-autopilot-fix,Test Final Autopilot Fix: Cum Să Rezolvi Problemele Tehnice În Doar Câteva Minute,243,0,,
content/blog/test-final-corect-git.md,test-final-corect-git,Test Final Corect Git: Cum să Îți Verifici Cunoștințele și să Devii Un Expert,265,0,,
content/blog/transforma-vizitatori-in-clienti.md,transforma-vizitatori-in-clienti,Cum să transformi vizitatorii site-ului în clienți,370,7,Problema | De ce apare problema | Soluția corectă | Exemplu concret | Implementarea strategiei,strategi
content/blog/transforma-vizitatori-in-clients.md,transforma-vizitatori-in-clients,Cum să transformi vizitatorii site-ului în clienți,517,7,Problema | De ce apare problema | Soluția corectă | Exemplu concret | Beneficiile utilizării azisunt.net,"strategi, locaala, clients"
